computer_id,learning_rate,batch_size,epochs,dropout,optimizer_type,run_id,train_losses,val_losses,train_accuracies,val_accuracies,timings,TP,TN,FP,FN,test_acc,epoch
39d7be11-0f8d-4f9c-8fb1-dfb36197c690,0.005,32,20,0.5,adam,37f81cfe-e405-43ed-b2c2-7aa8072f3887,4.6366,1.019,43.8856,55.819,56.181,119,119,8,18,84.7312,1
39d7be11-0f8d-4f9c-8fb1-dfb36197c690,0.005,32,20,0.5,adam,37f81cfe-e405-43ed-b2c2-7aa8072f3887,0.8739,0.7815,66.036,72.6293,54.3378,119,119,8,18,84.7312,2
39d7be11-0f8d-4f9c-8fb1-dfb36197c690,0.005,32,20,0.5,adam,37f81cfe-e405-43ed-b2c2-7aa8072f3887,0.5911,0.6878,77.2035,75.431,54.3034,119,119,8,18,84.7312,3
39d7be11-0f8d-4f9c-8fb1-dfb36197c690,0.005,32,20,0.5,adam,37f81cfe-e405-43ed-b2c2-7aa8072f3887,0.3814,0.644,85.7868,79.5259,59.8074,119,119,8,18,84.7312,4
39d7be11-0f8d-4f9c-8fb1-dfb36197c690,0.005,32,20,0.5,adam,37f81cfe-e405-43ed-b2c2-7aa8072f3887,0.2284,0.7312,91.7397,78.8793,58.3121,119,119,8,18,84.7312,5
39d7be11-0f8d-4f9c-8fb1-dfb36197c690,0.005,32,20,0.5,adam,37f81cfe-e405-43ed-b2c2-7aa8072f3887,0.1754,0.8973,94.6931,80.819,53.1132,119,119,8,18,84.7312,6
39d7be11-0f8d-4f9c-8fb1-dfb36197c690,0.005,32,20,0.5,adam,37f81cfe-e405-43ed-b2c2-7aa8072f3887,0.1032,0.8461,96.0314,81.0345,52.737,119,119,8,18,84.7312,7
39d7be11-0f8d-4f9c-8fb1-dfb36197c690,0.005,32,20,0.5,adam,37f81cfe-e405-43ed-b2c2-7aa8072f3887,0.0654,0.9926,97.785,82.9741,50.744,119,119,8,18,84.7312,8
39d7be11-0f8d-4f9c-8fb1-dfb36197c690,0.005,32,20,0.5,adam,37f81cfe-e405-43ed-b2c2-7aa8072f3887,0.0623,1.0227,98.2464,82.1121,50.6197,119,119,8,18,84.7312,9
39d7be11-0f8d-4f9c-8fb1-dfb36197c690,0.005,32,20,0.5,adam,37f81cfe-e405-43ed-b2c2-7aa8072f3887,0.0771,0.9907,97.5542,79.0948,50.0075,119,119,8,18,84.7312,10
39d7be11-0f8d-4f9c-8fb1-dfb36197c690,0.005,32,20,0.5,adam,37f81cfe-e405-43ed-b2c2-7aa8072f3887,0.076,0.9984,97.4619,81.0345,50.6878,119,119,8,18,84.7312,11
39d7be11-0f8d-4f9c-8fb1-dfb36197c690,0.005,32,20,0.5,adam,37f81cfe-e405-43ed-b2c2-7aa8072f3887,0.065,0.9702,98.4772,80.819,49.7892,119,119,8,18,84.7312,12
39d7be11-0f8d-4f9c-8fb1-dfb36197c690,0.005,32,20,0.5,adam,37f81cfe-e405-43ed-b2c2-7aa8072f3887,0.0793,0.8558,97.9234,82.9741,50.3008,119,119,8,18,84.7312,13
39d7be11-0f8d-4f9c-8fb1-dfb36197c690,0.005,32,20,0.5,adam,37f81cfe-e405-43ed-b2c2-7aa8072f3887,0.0443,1.0429,98.7079,79.3103,50.577,119,119,8,18,84.7312,14
39d7be11-0f8d-4f9c-8fb1-dfb36197c690,0.005,32,20,0.5,adam,37f81cfe-e405-43ed-b2c2-7aa8072f3887,0.0482,1.1168,98.9848,83.1897,49.993,119,119,8,18,84.7312,15
39d7be11-0f8d-4f9c-8fb1-dfb36197c690,0.005,32,20,0.5,adam,37f81cfe-e405-43ed-b2c2-7aa8072f3887,0.0416,1.0563,98.754,82.1121,50.0057,119,119,8,18,84.7312,16
39d7be11-0f8d-4f9c-8fb1-dfb36197c690,0.005,32,20,0.5,adam,37f81cfe-e405-43ed-b2c2-7aa8072f3887,0.0376,1.0517,98.7079,82.1121,50.1105,119,119,8,18,84.7312,17
39d7be11-0f8d-4f9c-8fb1-dfb36197c690,0.005,32,20,0.5,adam,37f81cfe-e405-43ed-b2c2-7aa8072f3887,0.0356,1.6971,99.0771,82.3276,51.3591,119,119,8,18,84.7312,18
39d7be11-0f8d-4f9c-8fb1-dfb36197c690,0.005,32,20,0.5,adam,37f81cfe-e405-43ed-b2c2-7aa8072f3887,0.0365,1.301,98.6617,80.819,50.4861,119,119,8,18,84.7312,19
39d7be11-0f8d-4f9c-8fb1-dfb36197c690,0.005,32,20,0.5,adam,37f81cfe-e405-43ed-b2c2-7aa8072f3887,0.042,0.987,98.9848,82.7586,49.4052,119,119,8,18,84.7312,20
39d7be11-0f8d-4f9c-8fb1-dfb36197c690,0.005,32,20,0.5,sgd,ecce7a95-775f-4182-aaae-6530315eacfe,1.2639,1.1074,39.6401,49.1379,47.1291,105,105,13,9,90.5376,1
39d7be11-0f8d-4f9c-8fb1-dfb36197c690,0.005,32,20,0.5,sgd,ecce7a95-775f-4182-aaae-6530315eacfe,1.0072,0.8713,57.4988,68.319,46.1727,105,105,13,9,90.5376,2
39d7be11-0f8d-4f9c-8fb1-dfb36197c690,0.005,32,20,0.5,sgd,ecce7a95-775f-4182-aaae-6530315eacfe,0.816,0.6944,67.1435,72.6293,46.8163,105,105,13,9,90.5376,3
39d7be11-0f8d-4f9c-8fb1-dfb36197c690,0.005,32,20,0.5,sgd,ecce7a95-775f-4182-aaae-6530315eacfe,0.6287,0.5818,75.6345,80.3879,50.4274,105,105,13,9,90.5376,4
39d7be11-0f8d-4f9c-8fb1-dfb36197c690,0.005,32,20,0.5,sgd,ecce7a95-775f-4182-aaae-6530315eacfe,0.5091,0.5639,80.4799,79.5259,49.596,105,105,13,9,90.5376,5
39d7be11-0f8d-4f9c-8fb1-dfb36197c690,0.005,32,20,0.5,sgd,ecce7a95-775f-4182-aaae-6530315eacfe,0.3875,0.6123,85.7407,78.4483,50.3333,105,105,13,9,90.5376,6
39d7be11-0f8d-4f9c-8fb1-dfb36197c690,0.005,32,20,0.5,sgd,ecce7a95-775f-4182-aaae-6530315eacfe,0.2666,0.4564,91.4629,84.4828,50.9727,105,105,13,9,90.5376,7
39d7be11-0f8d-4f9c-8fb1-dfb36197c690,0.005,32,20,0.5,sgd,ecce7a95-775f-4182-aaae-6530315eacfe,0.1886,0.4665,92.9395,84.2672,51.1144,105,105,13,9,90.5376,8
39d7be11-0f8d-4f9c-8fb1-dfb36197c690,0.005,32,20,0.5,sgd,ecce7a95-775f-4182-aaae-6530315eacfe,0.1534,0.5488,95.1546,84.4828,51.0066,105,105,13,9,90.5376,9
39d7be11-0f8d-4f9c-8fb1-dfb36197c690,0.005,32,20,0.5,sgd,ecce7a95-775f-4182-aaae-6530315eacfe,0.14,0.435,95.2469,84.9138,51.0317,105,105,13,9,90.5376,10
39d7be11-0f8d-4f9c-8fb1-dfb36197c690,0.005,32,20,0.5,sgd,ecce7a95-775f-4182-aaae-6530315eacfe,0.1097,0.4983,96.6774,85.1293,50.7673,105,105,13,9,90.5376,11
39d7be11-0f8d-4f9c-8fb1-dfb36197c690,0.005,32,20,0.5,sgd,ecce7a95-775f-4182-aaae-6530315eacfe,0.0928,0.4895,96.862,86.6379,52.1824,105,105,13,9,90.5376,12
39d7be11-0f8d-4f9c-8fb1-dfb36197c690,0.005,32,20,0.5,sgd,ecce7a95-775f-4182-aaae-6530315eacfe,0.0615,0.5489,98.2464,84.2672,53.3539,105,105,13,9,90.5376,13
39d7be11-0f8d-4f9c-8fb1-dfb36197c690,0.005,32,20,0.5,sgd,ecce7a95-775f-4182-aaae-6530315eacfe,0.0449,0.6078,98.8925,86.6379,53.3013,105,105,13,9,90.5376,14
39d7be11-0f8d-4f9c-8fb1-dfb36197c690,0.005,32,20,0.5,sgd,ecce7a95-775f-4182-aaae-6530315eacfe,0.0345,0.5961,98.9386,85.7759,53.8552,105,105,13,9,90.5376,15
39d7be11-0f8d-4f9c-8fb1-dfb36197c690,0.005,32,20,0.5,sgd,ecce7a95-775f-4182-aaae-6530315eacfe,0.0351,0.6024,98.8463,86.2069,53.526,105,105,13,9,90.5376,16
39d7be11-0f8d-4f9c-8fb1-dfb36197c690,0.005,32,20,0.5,sgd,ecce7a95-775f-4182-aaae-6530315eacfe,0.0394,0.7232,98.8002,85.9914,53.2014,105,105,13,9,90.5376,17
39d7be11-0f8d-4f9c-8fb1-dfb36197c690,0.005,32,20,0.5,sgd,ecce7a95-775f-4182-aaae-6530315eacfe,0.0368,0.572,99.1232,85.3448,54.1786,105,105,13,9,90.5376,18
39d7be11-0f8d-4f9c-8fb1-dfb36197c690,0.005,32,20,0.5,sgd,ecce7a95-775f-4182-aaae-6530315eacfe,0.0233,0.5688,99.3078,86.8534,53.2919,105,105,13,9,90.5376,19
39d7be11-0f8d-4f9c-8fb1-dfb36197c690,0.005,32,20,0.5,sgd,ecce7a95-775f-4182-aaae-6530315eacfe,0.0173,0.6591,99.5385,87.069,54.2497,105,105,13,9,90.5376,20
39d7be11-0f8d-4f9c-8fb1-dfb36197c690,0.005,32,20,0.2,adam,ddedc893-2c63-44ee-b36b-b04488df3c3d,5.1263,1.3574,28.5648,26.0776,57.0101,0,0,133,0,29.6774,1
39d7be11-0f8d-4f9c-8fb1-dfb36197c690,0.005,32,20,0.2,adam,ddedc893-2c63-44ee-b36b-b04488df3c3d,1.3507,1.3538,29.9031,29.0948,56.8216,0,0,133,0,29.6774,2
39d7be11-0f8d-4f9c-8fb1-dfb36197c690,0.005,32,20,0.2,adam,ddedc893-2c63-44ee-b36b-b04488df3c3d,1.3501,1.3554,27.688,29.0948,56.7617,0,0,133,0,29.6774,3
39d7be11-0f8d-4f9c-8fb1-dfb36197c690,0.005,32,20,0.2,adam,ddedc893-2c63-44ee-b36b-b04488df3c3d,1.3483,1.3552,29.257,29.0948,56.9969,0,0,133,0,29.6774,4
39d7be11-0f8d-4f9c-8fb1-dfb36197c690,0.005,32,20,0.2,adam,ddedc893-2c63-44ee-b36b-b04488df3c3d,1.3498,1.3548,28.611,29.0948,55.4681,0,0,133,0,29.6774,5
39d7be11-0f8d-4f9c-8fb1-dfb36197c690,0.005,32,20,0.2,adam,ddedc893-2c63-44ee-b36b-b04488df3c3d,1.349,1.3551,29.7647,29.0948,55.9937,0,0,133,0,29.6774,6
39d7be11-0f8d-4f9c-8fb1-dfb36197c690,0.005,32,20,0.2,adam,ddedc893-2c63-44ee-b36b-b04488df3c3d,1.3489,1.3565,29.8569,26.0776,56.0983,0,0,133,0,29.6774,7
39d7be11-0f8d-4f9c-8fb1-dfb36197c690,0.005,32,20,0.2,adam,ddedc893-2c63-44ee-b36b-b04488df3c3d,1.3502,1.3591,29.3493,26.0776,58.0857,0,0,133,0,29.6774,8
39d7be11-0f8d-4f9c-8fb1-dfb36197c690,0.005,32,20,0.2,adam,ddedc893-2c63-44ee-b36b-b04488df3c3d,1.35,1.3598,27.7803,26.0776,57.5187,0,0,133,0,29.6774,9
39d7be11-0f8d-4f9c-8fb1-dfb36197c690,0.005,32,20,0.2,adam,ddedc893-2c63-44ee-b36b-b04488df3c3d,1.3487,1.356,29.3032,26.0776,57.9857,0,0,133,0,29.6774,10
39d7be11-0f8d-4f9c-8fb1-dfb36197c690,0.005,32,20,0.2,adam,ddedc893-2c63-44ee-b36b-b04488df3c3d,1.3488,1.3579,28.4725,29.0948,56.5016,0,0,133,0,29.6774,11
39d7be11-0f8d-4f9c-8fb1-dfb36197c690,0.005,32,20,0.2,adam,ddedc893-2c63-44ee-b36b-b04488df3c3d,1.3482,1.3561,28.7494,26.0776,56.9094,0,0,133,0,29.6774,12
39d7be11-0f8d-4f9c-8fb1-dfb36197c690,0.005,32,20,0.2,adam,ddedc893-2c63-44ee-b36b-b04488df3c3d,1.3488,1.3583,29.5801,26.0776,59.3503,0,0,133,0,29.6774,13
39d7be11-0f8d-4f9c-8fb1-dfb36197c690,0.005,32,20,0.2,adam,ddedc893-2c63-44ee-b36b-b04488df3c3d,1.3494,1.3574,29.0725,29.0948,59.9701,0,0,133,0,29.6774,14
39d7be11-0f8d-4f9c-8fb1-dfb36197c690,0.005,32,20,0.2,adam,ddedc893-2c63-44ee-b36b-b04488df3c3d,1.3493,1.3582,29.5801,26.0776,57.1152,0,0,133,0,29.6774,15
39d7be11-0f8d-4f9c-8fb1-dfb36197c690,0.005,32,20,0.2,adam,ddedc893-2c63-44ee-b36b-b04488df3c3d,1.3483,1.3561,29.7647,26.0776,56.8639,0,0,133,0,29.6774,16
39d7be11-0f8d-4f9c-8fb1-dfb36197c690,0.005,32,20,0.2,adam,ddedc893-2c63-44ee-b36b-b04488df3c3d,1.3483,1.3571,29.1647,26.0776,57.8435,0,0,133,0,29.6774,17
39d7be11-0f8d-4f9c-8fb1-dfb36197c690,0.005,32,20,0.2,adam,ddedc893-2c63-44ee-b36b-b04488df3c3d,1.3491,1.3564,28.1034,29.0948,56.4883,0,0,133,0,29.6774,18
39d7be11-0f8d-4f9c-8fb1-dfb36197c690,0.005,32,20,0.2,adam,ddedc893-2c63-44ee-b36b-b04488df3c3d,1.3485,1.3562,28.5648,29.0948,57.7675,0,0,133,0,29.6774,19
39d7be11-0f8d-4f9c-8fb1-dfb36197c690,0.005,32,20,0.2,adam,ddedc893-2c63-44ee-b36b-b04488df3c3d,1.3501,1.3546,28.8879,29.0948,56.0655,0,0,133,0,29.6774,20
39d7be11-0f8d-4f9c-8fb1-dfb36197c690,0.005,32,20,0.2,sgd,c2b3b978-d51f-4fd2-8ba8-1ab830cc4bb8,1.2462,1.1148,39.6401,53.4483,50.7142,113,113,15,15,85.1613,1
39d7be11-0f8d-4f9c-8fb1-dfb36197c690,0.005,32,20,0.2,sgd,c2b3b978-d51f-4fd2-8ba8-1ab830cc4bb8,0.9282,0.8739,62.8057,65.7328,51.6965,113,113,15,15,85.1613,2
39d7be11-0f8d-4f9c-8fb1-dfb36197c690,0.005,32,20,0.2,sgd,c2b3b978-d51f-4fd2-8ba8-1ab830cc4bb8,0.7131,0.7231,71.8043,72.6293,52.6971,113,113,15,15,85.1613,3
39d7be11-0f8d-4f9c-8fb1-dfb36197c690,0.005,32,20,0.2,sgd,c2b3b978-d51f-4fd2-8ba8-1ab830cc4bb8,0.4905,0.7629,81.8182,72.8448,52.2252,113,113,15,15,85.1613,4
39d7be11-0f8d-4f9c-8fb1-dfb36197c690,0.005,32,20,0.2,sgd,c2b3b978-d51f-4fd2-8ba8-1ab830cc4bb8,0.3577,0.6291,86.7559,79.7414,50.9727,113,113,15,15,85.1613,5
39d7be11-0f8d-4f9c-8fb1-dfb36197c690,0.005,32,20,0.2,sgd,c2b3b978-d51f-4fd2-8ba8-1ab830cc4bb8,0.2205,0.4568,91.7397,85.5603,51.2429,113,113,15,15,85.1613,6
39d7be11-0f8d-4f9c-8fb1-dfb36197c690,0.005,32,20,0.2,sgd,c2b3b978-d51f-4fd2-8ba8-1ab830cc4bb8,0.1401,0.6063,94.7854,79.5259,51.2669,113,113,15,15,85.1613,7
39d7be11-0f8d-4f9c-8fb1-dfb36197c690,0.005,32,20,0.2,sgd,c2b3b978-d51f-4fd2-8ba8-1ab830cc4bb8,0.12,0.5111,95.6622,83.4052,51.9046,113,113,15,15,85.1613,8
39d7be11-0f8d-4f9c-8fb1-dfb36197c690,0.005,32,20,0.2,sgd,c2b3b978-d51f-4fd2-8ba8-1ab830cc4bb8,0.052,0.5138,98.3387,85.7759,51.093,113,113,15,15,85.1613,9
39d7be11-0f8d-4f9c-8fb1-dfb36197c690,0.005,32,20,0.2,sgd,c2b3b978-d51f-4fd2-8ba8-1ab830cc4bb8,0.0551,0.4825,98.1541,87.7155,51.8235,113,113,15,15,85.1613,10
39d7be11-0f8d-4f9c-8fb1-dfb36197c690,0.005,32,20,0.2,sgd,c2b3b978-d51f-4fd2-8ba8-1ab830cc4bb8,0.0233,0.6224,99.4924,85.7759,51.0254,113,113,15,15,85.1613,11
39d7be11-0f8d-4f9c-8fb1-dfb36197c690,0.005,32,20,0.2,sgd,c2b3b978-d51f-4fd2-8ba8-1ab830cc4bb8,0.0278,0.6069,99.1694,86.8534,49.5409,113,113,15,15,85.1613,12
39d7be11-0f8d-4f9c-8fb1-dfb36197c690,0.005,32,20,0.2,sgd,c2b3b978-d51f-4fd2-8ba8-1ab830cc4bb8,0.0218,0.6164,99.5385,85.9914,50.7473,113,113,15,15,85.1613,13
39d7be11-0f8d-4f9c-8fb1-dfb36197c690,0.005,32,20,0.2,sgd,c2b3b978-d51f-4fd2-8ba8-1ab830cc4bb8,0.0106,0.7186,99.8154,85.9914,54.1013,113,113,15,15,85.1613,14
39d7be11-0f8d-4f9c-8fb1-dfb36197c690,0.005,32,20,0.2,sgd,c2b3b978-d51f-4fd2-8ba8-1ab830cc4bb8,0.0066,0.6698,99.8154,87.5,55.3182,113,113,15,15,85.1613,15
39d7be11-0f8d-4f9c-8fb1-dfb36197c690,0.005,32,20,0.2,sgd,c2b3b978-d51f-4fd2-8ba8-1ab830cc4bb8,0.0134,0.6102,99.7693,86.8534,53.9689,113,113,15,15,85.1613,16
39d7be11-0f8d-4f9c-8fb1-dfb36197c690,0.005,32,20,0.2,sgd,c2b3b978-d51f-4fd2-8ba8-1ab830cc4bb8,0.0065,0.5595,99.8154,88.3621,54.6838,113,113,15,15,85.1613,17
39d7be11-0f8d-4f9c-8fb1-dfb36197c690,0.005,32,20,0.2,sgd,c2b3b978-d51f-4fd2-8ba8-1ab830cc4bb8,0.006,0.6198,99.8616,87.7155,54.5031,113,113,15,15,85.1613,18
39d7be11-0f8d-4f9c-8fb1-dfb36197c690,0.005,32,20,0.2,sgd,c2b3b978-d51f-4fd2-8ba8-1ab830cc4bb8,0.0086,0.6611,99.7231,85.9914,53.0355,113,113,15,15,85.1613,19
39d7be11-0f8d-4f9c-8fb1-dfb36197c690,0.005,32,20,0.2,sgd,c2b3b978-d51f-4fd2-8ba8-1ab830cc4bb8,0.0072,0.6241,99.8154,87.931,53.6299,113,113,15,15,85.1613,20
39d7be11-0f8d-4f9c-8fb1-dfb36197c690,0.001,32,20,0.5,adam,cfbbed1e-08f0-485b-b3a6-46bf0e775071,1.4345,0.9171,48.2695,64.0086,58.3195,117,117,13,15,83.871,1
39d7be11-0f8d-4f9c-8fb1-dfb36197c690,0.001,32,20,0.5,adam,cfbbed1e-08f0-485b-b3a6-46bf0e775071,0.8272,0.7318,67.4204,71.5517,56.2796,117,117,13,15,83.871,2
39d7be11-0f8d-4f9c-8fb1-dfb36197c690,0.001,32,20,0.5,adam,cfbbed1e-08f0-485b-b3a6-46bf0e775071,0.5746,0.5772,77.7573,78.6638,54.3914,117,117,13,15,83.871,3
39d7be11-0f8d-4f9c-8fb1-dfb36197c690,0.001,32,20,0.5,adam,cfbbed1e-08f0-485b-b3a6-46bf0e775071,0.3634,0.4975,86.3406,83.1897,54.9155,117,117,13,15,83.871,4
39d7be11-0f8d-4f9c-8fb1-dfb36197c690,0.001,32,20,0.5,adam,cfbbed1e-08f0-485b-b3a6-46bf0e775071,0.2647,0.552,89.7093,83.1897,54.0218,117,117,13,15,83.871,5
39d7be11-0f8d-4f9c-8fb1-dfb36197c690,0.001,32,20,0.5,adam,cfbbed1e-08f0-485b-b3a6-46bf0e775071,0.1681,0.5121,94.2317,84.6983,53.5273,117,117,13,15,83.871,6
39d7be11-0f8d-4f9c-8fb1-dfb36197c690,0.001,32,20,0.5,adam,cfbbed1e-08f0-485b-b3a6-46bf0e775071,0.0986,0.5874,96.7236,86.4224,55.1592,117,117,13,15,83.871,7
39d7be11-0f8d-4f9c-8fb1-dfb36197c690,0.001,32,20,0.5,adam,cfbbed1e-08f0-485b-b3a6-46bf0e775071,0.0726,0.5958,97.2312,87.931,54.8713,117,117,13,15,83.871,8
39d7be11-0f8d-4f9c-8fb1-dfb36197c690,0.001,32,20,0.5,adam,cfbbed1e-08f0-485b-b3a6-46bf0e775071,0.0816,0.5259,97.3696,87.931,54.5374,117,117,13,15,83.871,9
39d7be11-0f8d-4f9c-8fb1-dfb36197c690,0.001,32,20,0.5,adam,cfbbed1e-08f0-485b-b3a6-46bf0e775071,0.0353,0.6264,98.8002,87.2845,53.6511,117,117,13,15,83.871,10
39d7be11-0f8d-4f9c-8fb1-dfb36197c690,0.001,32,20,0.5,adam,cfbbed1e-08f0-485b-b3a6-46bf0e775071,0.0213,0.6688,99.2155,87.069,53.8618,117,117,13,15,83.871,11
39d7be11-0f8d-4f9c-8fb1-dfb36197c690,0.001,32,20,0.5,adam,cfbbed1e-08f0-485b-b3a6-46bf0e775071,0.0332,0.7761,99.0309,87.069,54.374,117,117,13,15,83.871,12
39d7be11-0f8d-4f9c-8fb1-dfb36197c690,0.001,32,20,0.5,adam,cfbbed1e-08f0-485b-b3a6-46bf0e775071,0.041,0.6249,99.0309,88.1466,54.1903,117,117,13,15,83.871,13
39d7be11-0f8d-4f9c-8fb1-dfb36197c690,0.001,32,20,0.5,adam,cfbbed1e-08f0-485b-b3a6-46bf0e775071,0.0232,0.8732,99.1232,84.4828,52.2067,117,117,13,15,83.871,14
39d7be11-0f8d-4f9c-8fb1-dfb36197c690,0.001,32,20,0.5,adam,cfbbed1e-08f0-485b-b3a6-46bf0e775071,0.0237,0.7843,99.3078,87.2845,56.1158,117,117,13,15,83.871,15
39d7be11-0f8d-4f9c-8fb1-dfb36197c690,0.001,32,20,0.5,adam,cfbbed1e-08f0-485b-b3a6-46bf0e775071,0.0255,0.7661,99.2155,86.4224,58.2742,117,117,13,15,83.871,16
39d7be11-0f8d-4f9c-8fb1-dfb36197c690,0.001,32,20,0.5,adam,cfbbed1e-08f0-485b-b3a6-46bf0e775071,0.0317,0.7883,98.8925,88.5776,57.8112,117,117,13,15,83.871,17
39d7be11-0f8d-4f9c-8fb1-dfb36197c690,0.001,32,20,0.5,adam,cfbbed1e-08f0-485b-b3a6-46bf0e775071,0.027,0.86,99.2155,85.3448,57.0094,117,117,13,15,83.871,18
39d7be11-0f8d-4f9c-8fb1-dfb36197c690,0.001,32,20,0.5,adam,cfbbed1e-08f0-485b-b3a6-46bf0e775071,0.0192,0.8137,99.4001,87.5,56.8481,117,117,13,15,83.871,19
39d7be11-0f8d-4f9c-8fb1-dfb36197c690,0.001,32,20,0.5,adam,cfbbed1e-08f0-485b-b3a6-46bf0e775071,0.033,0.8076,99.2617,86.4224,57.8586,117,117,13,15,83.871,20
39d7be11-0f8d-4f9c-8fb1-dfb36197c690,0.001,32,20,0.5,sgd,6383bac9-f7ff-473b-bbba-0f0c4180a485,1.3152,1.2929,34.7485,29.9569,52.7806,117,117,15,14,84.9462,1
39d7be11-0f8d-4f9c-8fb1-dfb36197c690,0.001,32,20,0.5,sgd,6383bac9-f7ff-473b-bbba-0f0c4180a485,1.1815,1.1229,46.3313,50.2155,52.4212,117,117,15,14,84.9462,2
39d7be11-0f8d-4f9c-8fb1-dfb36197c690,0.001,32,20,0.5,sgd,6383bac9-f7ff-473b-bbba-0f0c4180a485,1.0601,1.022,55.7453,57.1121,53.3394,117,117,15,14,84.9462,3
39d7be11-0f8d-4f9c-8fb1-dfb36197c690,0.001,32,20,0.5,sgd,6383bac9-f7ff-473b-bbba-0f0c4180a485,0.9394,0.9891,60.2215,59.6983,52.6952,117,117,15,14,84.9462,4
39d7be11-0f8d-4f9c-8fb1-dfb36197c690,0.001,32,20,0.5,sgd,6383bac9-f7ff-473b-bbba-0f0c4180a485,0.8645,0.9165,63.821,60.5603,52.637,117,117,15,14,84.9462,5
39d7be11-0f8d-4f9c-8fb1-dfb36197c690,0.001,32,20,0.5,sgd,6383bac9-f7ff-473b-bbba-0f0c4180a485,0.7711,0.7534,69.8662,69.6121,52.9281,117,117,15,14,84.9462,6
39d7be11-0f8d-4f9c-8fb1-dfb36197c690,0.001,32,20,0.5,sgd,6383bac9-f7ff-473b-bbba-0f0c4180a485,0.6941,0.7626,73.5579,68.1034,52.551,117,117,15,14,84.9462,7
39d7be11-0f8d-4f9c-8fb1-dfb36197c690,0.001,32,20,0.5,sgd,6383bac9-f7ff-473b-bbba-0f0c4180a485,0.6312,0.6847,75.8653,70.6897,52.3619,117,117,15,14,84.9462,8
39d7be11-0f8d-4f9c-8fb1-dfb36197c690,0.001,32,20,0.5,sgd,6383bac9-f7ff-473b-bbba-0f0c4180a485,0.5714,0.5762,78.8186,76.5086,52.8224,117,117,15,14,84.9462,9
39d7be11-0f8d-4f9c-8fb1-dfb36197c690,0.001,32,20,0.5,sgd,6383bac9-f7ff-473b-bbba-0f0c4180a485,0.4972,0.5642,81.3106,79.3103,52.5786,117,117,15,14,84.9462,10
39d7be11-0f8d-4f9c-8fb1-dfb36197c690,0.001,32,20,0.5,sgd,6383bac9-f7ff-473b-bbba-0f0c4180a485,0.4414,0.5653,82.7873,78.6638,52.5124,117,117,15,14,84.9462,11
39d7be11-0f8d-4f9c-8fb1-dfb36197c690,0.001,32,20,0.5,sgd,6383bac9-f7ff-473b-bbba-0f0c4180a485,0.3912,0.5097,85.2792,80.1724,52.5639,117,117,15,14,84.9462,12
39d7be11-0f8d-4f9c-8fb1-dfb36197c690,0.001,32,20,0.5,sgd,6383bac9-f7ff-473b-bbba-0f0c4180a485,0.352,0.4235,87.8173,84.4828,52.7364,117,117,15,14,84.9462,13
39d7be11-0f8d-4f9c-8fb1-dfb36197c690,0.001,32,20,0.5,sgd,6383bac9-f7ff-473b-bbba-0f0c4180a485,0.2813,0.4701,90.3553,83.1897,52.3351,117,117,15,14,84.9462,14
39d7be11-0f8d-4f9c-8fb1-dfb36197c690,0.001,32,20,0.5,sgd,6383bac9-f7ff-473b-bbba-0f0c4180a485,0.2715,0.4454,90.1246,81.8966,52.6748,117,117,15,14,84.9462,15
39d7be11-0f8d-4f9c-8fb1-dfb36197c690,0.001,32,20,0.5,sgd,6383bac9-f7ff-473b-bbba-0f0c4180a485,0.2503,0.4277,91.4167,83.6207,52.1071,117,117,15,14,84.9462,16
39d7be11-0f8d-4f9c-8fb1-dfb36197c690,0.001,32,20,0.5,sgd,6383bac9-f7ff-473b-bbba-0f0c4180a485,0.2201,0.3952,92.2473,85.1293,53.1577,117,117,15,14,84.9462,17
39d7be11-0f8d-4f9c-8fb1-dfb36197c690,0.001,32,20,0.5,sgd,6383bac9-f7ff-473b-bbba-0f0c4180a485,0.1869,0.4529,93.6317,82.9741,51.5078,117,117,15,14,84.9462,18
39d7be11-0f8d-4f9c-8fb1-dfb36197c690,0.001,32,20,0.5,sgd,6383bac9-f7ff-473b-bbba-0f0c4180a485,0.19,0.4054,93.0318,85.7759,51.639,117,117,15,14,84.9462,19
39d7be11-0f8d-4f9c-8fb1-dfb36197c690,0.001,32,20,0.5,sgd,6383bac9-f7ff-473b-bbba-0f0c4180a485,0.1425,0.4128,95.1546,84.9138,51.3692,117,117,15,14,84.9462,20
39d7be11-0f8d-4f9c-8fb1-dfb36197c690,0.001,32,20,0.2,adam,7d3197f4-11eb-4c44-897c-2a5956d631f1,1.34,0.9793,50.1615,53.8793,54.9267,109,109,28,7,84.7312,1
39d7be11-0f8d-4f9c-8fb1-dfb36197c690,0.001,32,20,0.2,adam,7d3197f4-11eb-4c44-897c-2a5956d631f1,0.7127,0.6671,72.7273,76.7241,55.2995,109,109,28,7,84.7312,2
39d7be11-0f8d-4f9c-8fb1-dfb36197c690,0.001,32,20,0.2,adam,7d3197f4-11eb-4c44-897c-2a5956d631f1,0.4402,0.5398,84.3563,80.1724,54.9125,109,109,28,7,84.7312,3
39d7be11-0f8d-4f9c-8fb1-dfb36197c690,0.001,32,20,0.2,adam,7d3197f4-11eb-4c44-897c-2a5956d631f1,0.2419,0.5399,91.6013,82.9741,57.0566,109,109,28,7,84.7312,4
39d7be11-0f8d-4f9c-8fb1-dfb36197c690,0.001,32,20,0.2,adam,7d3197f4-11eb-4c44-897c-2a5956d631f1,0.1308,0.5779,95.5699,84.2672,56.5711,109,109,28,7,84.7312,5
39d7be11-0f8d-4f9c-8fb1-dfb36197c690,0.001,32,20,0.2,adam,7d3197f4-11eb-4c44-897c-2a5956d631f1,0.0778,0.7255,97.2312,87.069,58.1139,109,109,28,7,84.7312,6
39d7be11-0f8d-4f9c-8fb1-dfb36197c690,0.001,32,20,0.2,adam,7d3197f4-11eb-4c44-897c-2a5956d631f1,0.0459,0.6354,98.6156,87.2845,57.6964,109,109,28,7,84.7312,7
39d7be11-0f8d-4f9c-8fb1-dfb36197c690,0.001,32,20,0.2,adam,7d3197f4-11eb-4c44-897c-2a5956d631f1,0.0508,0.8228,98.5695,85.7759,56.9512,109,109,28,7,84.7312,8
39d7be11-0f8d-4f9c-8fb1-dfb36197c690,0.001,32,20,0.2,adam,7d3197f4-11eb-4c44-897c-2a5956d631f1,0.0264,0.7982,99.2155,87.7155,57.1042,109,109,28,7,84.7312,9
39d7be11-0f8d-4f9c-8fb1-dfb36197c690,0.001,32,20,0.2,adam,7d3197f4-11eb-4c44-897c-2a5956d631f1,0.0249,0.8614,99.2155,87.7155,57.918,109,109,28,7,84.7312,10
39d7be11-0f8d-4f9c-8fb1-dfb36197c690,0.001,32,20,0.2,adam,7d3197f4-11eb-4c44-897c-2a5956d631f1,0.0311,0.8536,99.1232,86.2069,55.9019,109,109,28,7,84.7312,11
39d7be11-0f8d-4f9c-8fb1-dfb36197c690,0.001,32,20,0.2,adam,7d3197f4-11eb-4c44-897c-2a5956d631f1,0.0319,0.8986,99.0309,87.931,57.0574,109,109,28,7,84.7312,12
39d7be11-0f8d-4f9c-8fb1-dfb36197c690,0.001,32,20,0.2,adam,7d3197f4-11eb-4c44-897c-2a5956d631f1,0.0301,0.9453,98.8463,84.6983,56.3614,109,109,28,7,84.7312,13
39d7be11-0f8d-4f9c-8fb1-dfb36197c690,0.001,32,20,0.2,adam,7d3197f4-11eb-4c44-897c-2a5956d631f1,0.018,0.8648,99.4001,87.931,57.5053,109,109,28,7,84.7312,14
39d7be11-0f8d-4f9c-8fb1-dfb36197c690,0.001,32,20,0.2,adam,7d3197f4-11eb-4c44-897c-2a5956d631f1,0.0207,1.2769,99.3539,84.0517,58.1477,109,109,28,7,84.7312,15
39d7be11-0f8d-4f9c-8fb1-dfb36197c690,0.001,32,20,0.2,adam,7d3197f4-11eb-4c44-897c-2a5956d631f1,0.0356,0.865,98.8925,88.5776,57.39,109,109,28,7,84.7312,16
39d7be11-0f8d-4f9c-8fb1-dfb36197c690,0.001,32,20,0.2,adam,7d3197f4-11eb-4c44-897c-2a5956d631f1,0.015,0.9437,99.5847,89.0086,56.7781,109,109,28,7,84.7312,17
39d7be11-0f8d-4f9c-8fb1-dfb36197c690,0.001,32,20,0.2,adam,7d3197f4-11eb-4c44-897c-2a5956d631f1,0.0159,1.3523,99.4462,82.9741,57.4488,109,109,28,7,84.7312,18
39d7be11-0f8d-4f9c-8fb1-dfb36197c690,0.001,32,20,0.2,adam,7d3197f4-11eb-4c44-897c-2a5956d631f1,0.0254,1.1171,99.1694,88.5776,57.6655,109,109,28,7,84.7312,19
39d7be11-0f8d-4f9c-8fb1-dfb36197c690,0.001,32,20,0.2,adam,7d3197f4-11eb-4c44-897c-2a5956d631f1,0.0228,0.9024,99.4462,88.1466,58.1229,109,109,28,7,84.7312,20
39d7be11-0f8d-4f9c-8fb1-dfb36197c690,0.001,32,20,0.2,sgd,17d23539-4f19-4d9b-b4fb-1b9e86a62a5e,1.3244,1.2381,38.8556,51.7241,53.81,124,124,14,14,86.8817,1
39d7be11-0f8d-4f9c-8fb1-dfb36197c690,0.001,32,20,0.2,sgd,17d23539-4f19-4d9b-b4fb-1b9e86a62a5e,1.1641,1.0766,48.4541,55.6034,53.905,124,124,14,14,86.8817,2
39d7be11-0f8d-4f9c-8fb1-dfb36197c690,0.001,32,20,0.2,sgd,17d23539-4f19-4d9b-b4fb-1b9e86a62a5e,1.0202,0.969,57.0835,56.0345,54.535,124,124,14,14,86.8817,3
39d7be11-0f8d-4f9c-8fb1-dfb36197c690,0.001,32,20,0.2,sgd,17d23539-4f19-4d9b-b4fb-1b9e86a62a5e,0.8741,0.8597,64.9285,65.9483,53.7323,124,124,14,14,86.8817,4
39d7be11-0f8d-4f9c-8fb1-dfb36197c690,0.001,32,20,0.2,sgd,17d23539-4f19-4d9b-b4fb-1b9e86a62a5e,0.7663,0.7371,70.8353,73.7069,54.2749,124,124,14,14,86.8817,5
39d7be11-0f8d-4f9c-8fb1-dfb36197c690,0.001,32,20,0.2,sgd,17d23539-4f19-4d9b-b4fb-1b9e86a62a5e,0.7036,0.7525,73.281,69.3966,54.1196,124,124,14,14,86.8817,6
39d7be11-0f8d-4f9c-8fb1-dfb36197c690,0.001,32,20,0.2,sgd,17d23539-4f19-4d9b-b4fb-1b9e86a62a5e,0.6014,0.7075,77.4804,73.0603,54.9034,124,124,14,14,86.8817,7
39d7be11-0f8d-4f9c-8fb1-dfb36197c690,0.001,32,20,0.2,sgd,17d23539-4f19-4d9b-b4fb-1b9e86a62a5e,0.5225,0.6276,80.0646,75.6466,53.2141,124,124,14,14,86.8817,8
39d7be11-0f8d-4f9c-8fb1-dfb36197c690,0.001,32,20,0.2,sgd,17d23539-4f19-4d9b-b4fb-1b9e86a62a5e,0.4411,0.6578,83.8948,76.7241,53.0516,124,124,14,14,86.8817,9
39d7be11-0f8d-4f9c-8fb1-dfb36197c690,0.001,32,20,0.2,sgd,17d23539-4f19-4d9b-b4fb-1b9e86a62a5e,0.3988,0.505,85.7407,81.25,53.3595,124,124,14,14,86.8817,10
39d7be11-0f8d-4f9c-8fb1-dfb36197c690,0.001,32,20,0.2,sgd,17d23539-4f19-4d9b-b4fb-1b9e86a62a5e,0.3077,0.5858,89.4324,79.0948,52.0511,124,124,14,14,86.8817,11
39d7be11-0f8d-4f9c-8fb1-dfb36197c690,0.001,32,20,0.2,sgd,17d23539-4f19-4d9b-b4fb-1b9e86a62a5e,0.2483,0.5685,91.509,81.25,53.5326,124,124,14,14,86.8817,12
39d7be11-0f8d-4f9c-8fb1-dfb36197c690,0.001,32,20,0.2,sgd,17d23539-4f19-4d9b-b4fb-1b9e86a62a5e,0.2125,0.532,92.6165,81.8966,54.8833,124,124,14,14,86.8817,13
39d7be11-0f8d-4f9c-8fb1-dfb36197c690,0.001,32,20,0.2,sgd,17d23539-4f19-4d9b-b4fb-1b9e86a62a5e,0.201,0.4869,93.401,85.1293,53.5961,124,124,14,14,86.8817,14
39d7be11-0f8d-4f9c-8fb1-dfb36197c690,0.001,32,20,0.2,sgd,17d23539-4f19-4d9b-b4fb-1b9e86a62a5e,0.1586,0.4726,95.2007,86.2069,51.3026,124,124,14,14,86.8817,15
39d7be11-0f8d-4f9c-8fb1-dfb36197c690,0.001,32,20,0.2,sgd,17d23539-4f19-4d9b-b4fb-1b9e86a62a5e,0.1129,0.4648,96.3544,85.3448,50.369,124,124,14,14,86.8817,16
39d7be11-0f8d-4f9c-8fb1-dfb36197c690,0.001,32,20,0.2,sgd,17d23539-4f19-4d9b-b4fb-1b9e86a62a5e,0.1333,0.5786,95.5699,82.7586,50.0237,124,124,14,14,86.8817,17
39d7be11-0f8d-4f9c-8fb1-dfb36197c690,0.001,32,20,0.2,sgd,17d23539-4f19-4d9b-b4fb-1b9e86a62a5e,0.0978,0.514,96.862,84.9138,50.268,124,124,14,14,86.8817,18
39d7be11-0f8d-4f9c-8fb1-dfb36197c690,0.001,32,20,0.2,sgd,17d23539-4f19-4d9b-b4fb-1b9e86a62a5e,0.0803,0.5127,97.2773,87.2845,49.9069,124,124,14,14,86.8817,19
39d7be11-0f8d-4f9c-8fb1-dfb36197c690,0.001,32,20,0.2,sgd,17d23539-4f19-4d9b-b4fb-1b9e86a62a5e,0.0585,0.4906,98.4772,87.2845,51.1573,124,124,14,14,86.8817,20
39d7be11-0f8d-4f9c-8fb1-dfb36197c690,0.0002,32,20,0.5,adam,d590701c-c4ed-4adb-bc48-498c74b1e5c2,1.163,0.8197,49.1924,72.8448,54.9747,109,109,15,7,89.2473,1
39d7be11-0f8d-4f9c-8fb1-dfb36197c690,0.0002,32,20,0.5,adam,d590701c-c4ed-4adb-bc48-498c74b1e5c2,0.7422,0.5924,70.2815,78.8793,58.1242,109,109,15,7,89.2473,2
39d7be11-0f8d-4f9c-8fb1-dfb36197c690,0.0002,32,20,0.5,adam,d590701c-c4ed-4adb-bc48-498c74b1e5c2,0.5194,0.5195,80.5722,79.9569,59.3476,109,109,15,7,89.2473,3
39d7be11-0f8d-4f9c-8fb1-dfb36197c690,0.0002,32,20,0.5,adam,d590701c-c4ed-4adb-bc48-498c74b1e5c2,0.3628,0.4151,86.6174,88.1466,59.7709,109,109,15,7,89.2473,4
39d7be11-0f8d-4f9c-8fb1-dfb36197c690,0.0002,32,20,0.5,adam,d590701c-c4ed-4adb-bc48-498c74b1e5c2,0.2435,0.3638,91.6474,87.7155,58.0634,109,109,15,7,89.2473,5
39d7be11-0f8d-4f9c-8fb1-dfb36197c690,0.0002,32,20,0.5,adam,d590701c-c4ed-4adb-bc48-498c74b1e5c2,0.1557,0.3549,94.0009,89.0086,57.9876,109,109,15,7,89.2473,6
39d7be11-0f8d-4f9c-8fb1-dfb36197c690,0.0002,32,20,0.5,adam,d590701c-c4ed-4adb-bc48-498c74b1e5c2,0.0891,0.3892,97.9234,88.5776,57.8507,109,109,15,7,89.2473,7
39d7be11-0f8d-4f9c-8fb1-dfb36197c690,0.0002,32,20,0.5,adam,d590701c-c4ed-4adb-bc48-498c74b1e5c2,0.0687,0.4094,97.8311,89.4397,58.9131,109,109,15,7,89.2473,8
39d7be11-0f8d-4f9c-8fb1-dfb36197c690,0.0002,32,20,0.5,adam,d590701c-c4ed-4adb-bc48-498c74b1e5c2,0.052,0.4253,98.4772,89.4397,58.0282,109,109,15,7,89.2473,9
39d7be11-0f8d-4f9c-8fb1-dfb36197c690,0.0002,32,20,0.5,adam,d590701c-c4ed-4adb-bc48-498c74b1e5c2,0.0463,0.3832,98.7079,91.8103,57.747,109,109,15,7,89.2473,10
39d7be11-0f8d-4f9c-8fb1-dfb36197c690,0.0002,32,20,0.5,adam,d590701c-c4ed-4adb-bc48-498c74b1e5c2,0.0395,0.4319,98.9848,88.1466,58.4553,109,109,15,7,89.2473,11
39d7be11-0f8d-4f9c-8fb1-dfb36197c690,0.0002,32,20,0.5,adam,d590701c-c4ed-4adb-bc48-498c74b1e5c2,0.0256,0.4354,99.3078,89.8707,56.62,109,109,15,7,89.2473,12
39d7be11-0f8d-4f9c-8fb1-dfb36197c690,0.0002,32,20,0.5,adam,d590701c-c4ed-4adb-bc48-498c74b1e5c2,0.0253,0.4574,99.2617,89.8707,52.8917,109,109,15,7,89.2473,13
39d7be11-0f8d-4f9c-8fb1-dfb36197c690,0.0002,32,20,0.5,adam,d590701c-c4ed-4adb-bc48-498c74b1e5c2,0.0179,0.4161,99.4924,90.9483,50.4911,109,109,15,7,89.2473,14
39d7be11-0f8d-4f9c-8fb1-dfb36197c690,0.0002,32,20,0.5,adam,d590701c-c4ed-4adb-bc48-498c74b1e5c2,0.0138,0.4671,99.677,89.6552,49.7918,109,109,15,7,89.2473,15
39d7be11-0f8d-4f9c-8fb1-dfb36197c690,0.0002,32,20,0.5,adam,d590701c-c4ed-4adb-bc48-498c74b1e5c2,0.0101,0.4817,99.8154,90.3017,52.6033,109,109,15,7,89.2473,16
39d7be11-0f8d-4f9c-8fb1-dfb36197c690,0.0002,32,20,0.5,adam,d590701c-c4ed-4adb-bc48-498c74b1e5c2,0.0187,0.4611,99.677,90.0862,53.0608,109,109,15,7,89.2473,17
39d7be11-0f8d-4f9c-8fb1-dfb36197c690,0.0002,32,20,0.5,adam,d590701c-c4ed-4adb-bc48-498c74b1e5c2,0.0164,0.4774,99.7693,89.8707,58.4089,109,109,15,7,89.2473,18
39d7be11-0f8d-4f9c-8fb1-dfb36197c690,0.0002,32,20,0.5,adam,d590701c-c4ed-4adb-bc48-498c74b1e5c2,0.0066,0.4099,99.9077,91.5948,57.0261,109,109,15,7,89.2473,19
39d7be11-0f8d-4f9c-8fb1-dfb36197c690,0.0002,32,20,0.5,adam,d590701c-c4ed-4adb-bc48-498c74b1e5c2,0.013,0.5127,99.677,89.4397,56.9291,109,109,15,7,89.2473,20
39d7be11-0f8d-4f9c-8fb1-dfb36197c690,0.0002,32,20,0.5,sgd,111a3728-008e-4379-b5ce-2bef58059249,1.3462,1.3246,31.2413,28.4483,52.4741,103,103,19,26,73.7634,1
39d7be11-0f8d-4f9c-8fb1-dfb36197c690,0.0002,32,20,0.5,sgd,111a3728-008e-4379-b5ce-2bef58059249,1.3103,1.2908,37.5173,34.4828,52.8083,103,103,19,26,73.7634,2
39d7be11-0f8d-4f9c-8fb1-dfb36197c690,0.0002,32,20,0.5,sgd,111a3728-008e-4379-b5ce-2bef58059249,1.2654,1.2304,44.4855,49.3534,52.8033,103,103,19,26,73.7634,3
39d7be11-0f8d-4f9c-8fb1-dfb36197c690,0.0002,32,20,0.5,sgd,111a3728-008e-4379-b5ce-2bef58059249,1.2125,1.165,48.5464,58.8362,52.9739,103,103,19,26,73.7634,4
39d7be11-0f8d-4f9c-8fb1-dfb36197c690,0.0002,32,20,0.5,sgd,111a3728-008e-4379-b5ce-2bef58059249,1.151,1.1106,51.9151,56.4655,52.049,103,103,19,26,73.7634,5
39d7be11-0f8d-4f9c-8fb1-dfb36197c690,0.0002,32,20,0.5,sgd,111a3728-008e-4379-b5ce-2bef58059249,1.1078,1.0863,54.6839,55.6034,52.4551,103,103,19,26,73.7634,6
39d7be11-0f8d-4f9c-8fb1-dfb36197c690,0.0002,32,20,0.5,sgd,111a3728-008e-4379-b5ce-2bef58059249,1.0604,1.0387,56.4836,56.0345,51.8589,103,103,19,26,73.7634,7
39d7be11-0f8d-4f9c-8fb1-dfb36197c690,0.0002,32,20,0.5,sgd,111a3728-008e-4379-b5ce-2bef58059249,1.0163,1.0098,58.4218,58.6207,51.9523,103,103,19,26,73.7634,8
39d7be11-0f8d-4f9c-8fb1-dfb36197c690,0.0002,32,20,0.5,sgd,111a3728-008e-4379-b5ce-2bef58059249,0.9716,0.9648,60.5907,59.4828,52.0944,103,103,19,26,73.7634,9
39d7be11-0f8d-4f9c-8fb1-dfb36197c690,0.0002,32,20,0.5,sgd,111a3728-008e-4379-b5ce-2bef58059249,0.9395,0.9365,62.3904,62.2845,51.7957,103,103,19,26,73.7634,10
39d7be11-0f8d-4f9c-8fb1-dfb36197c690,0.0002,32,20,0.5,sgd,111a3728-008e-4379-b5ce-2bef58059249,0.9085,0.9112,64.0055,62.5,52.0466,103,103,19,26,73.7634,11
39d7be11-0f8d-4f9c-8fb1-dfb36197c690,0.0002,32,20,0.5,sgd,111a3728-008e-4379-b5ce-2bef58059249,0.8611,0.888,65.1592,65.0862,52.145,103,103,19,26,73.7634,12
39d7be11-0f8d-4f9c-8fb1-dfb36197c690,0.0002,32,20,0.5,sgd,111a3728-008e-4379-b5ce-2bef58059249,0.837,0.9455,65.8514,58.6207,52.3855,103,103,19,26,73.7634,13
39d7be11-0f8d-4f9c-8fb1-dfb36197c690,0.0002,32,20,0.5,sgd,111a3728-008e-4379-b5ce-2bef58059249,0.8051,0.7937,68.4356,69.8276,52.0947,103,103,19,26,73.7634,14
39d7be11-0f8d-4f9c-8fb1-dfb36197c690,0.0002,32,20,0.5,sgd,111a3728-008e-4379-b5ce-2bef58059249,0.7469,0.7768,71.2967,69.3966,52.147,103,103,19,26,73.7634,15
39d7be11-0f8d-4f9c-8fb1-dfb36197c690,0.0002,32,20,0.5,sgd,111a3728-008e-4379-b5ce-2bef58059249,0.7275,0.8426,71.8043,64.2241,52.0637,103,103,19,26,73.7634,16
39d7be11-0f8d-4f9c-8fb1-dfb36197c690,0.0002,32,20,0.5,sgd,111a3728-008e-4379-b5ce-2bef58059249,0.7057,0.7571,72.4965,71.3362,51.8539,103,103,19,26,73.7634,17
39d7be11-0f8d-4f9c-8fb1-dfb36197c690,0.0002,32,20,0.5,sgd,111a3728-008e-4379-b5ce-2bef58059249,0.6786,0.7234,74.527,73.2759,52.2603,103,103,19,26,73.7634,18
39d7be11-0f8d-4f9c-8fb1-dfb36197c690,0.0002,32,20,0.5,sgd,111a3728-008e-4379-b5ce-2bef58059249,0.6543,0.6917,74.4347,73.9224,52.7615,103,103,19,26,73.7634,19
39d7be11-0f8d-4f9c-8fb1-dfb36197c690,0.0002,32,20,0.5,sgd,111a3728-008e-4379-b5ce-2bef58059249,0.6277,0.6799,75.6807,74.569,48.6274,103,103,19,26,73.7634,20
39d7be11-0f8d-4f9c-8fb1-dfb36197c690,0.0002,32,20,0.2,adam,485e3ed5-9295-4a68-be55-1c699af6aa4b,1.1055,0.8299,50.5307,66.8103,50.6559,120,120,18,11,86.4516,1
39d7be11-0f8d-4f9c-8fb1-dfb36197c690,0.0002,32,20,0.2,adam,485e3ed5-9295-4a68-be55-1c699af6aa4b,0.6441,0.6686,75.9114,75.2155,49.7112,120,120,18,11,86.4516,2
39d7be11-0f8d-4f9c-8fb1-dfb36197c690,0.0002,32,20,0.2,adam,485e3ed5-9295-4a68-be55-1c699af6aa4b,0.4069,0.5239,85.3715,82.1121,50.0488,120,120,18,11,86.4516,3
39d7be11-0f8d-4f9c-8fb1-dfb36197c690,0.0002,32,20,0.2,adam,485e3ed5-9295-4a68-be55-1c699af6aa4b,0.2286,0.5197,93.0318,80.819,50.3886,120,120,18,11,86.4516,4
39d7be11-0f8d-4f9c-8fb1-dfb36197c690,0.0002,32,20,0.2,adam,485e3ed5-9295-4a68-be55-1c699af6aa4b,0.1266,0.5079,96.1237,85.5603,50.2344,120,120,18,11,86.4516,5
39d7be11-0f8d-4f9c-8fb1-dfb36197c690,0.0002,32,20,0.2,adam,485e3ed5-9295-4a68-be55-1c699af6aa4b,0.0746,0.5458,97.9234,84.2672,50.4413,120,120,18,11,86.4516,6
39d7be11-0f8d-4f9c-8fb1-dfb36197c690,0.0002,32,20,0.2,adam,485e3ed5-9295-4a68-be55-1c699af6aa4b,0.0388,0.5335,99.1694,85.9914,49.7248,120,120,18,11,86.4516,7
39d7be11-0f8d-4f9c-8fb1-dfb36197c690,0.0002,32,20,0.2,adam,485e3ed5-9295-4a68-be55-1c699af6aa4b,0.0276,0.6622,99.3078,85.3448,49.883,120,120,18,11,86.4516,8
39d7be11-0f8d-4f9c-8fb1-dfb36197c690,0.0002,32,20,0.2,adam,485e3ed5-9295-4a68-be55-1c699af6aa4b,0.0368,0.6745,99.2155,85.1293,49.6529,120,120,18,11,86.4516,9
39d7be11-0f8d-4f9c-8fb1-dfb36197c690,0.0002,32,20,0.2,adam,485e3ed5-9295-4a68-be55-1c699af6aa4b,0.0149,0.6456,99.5385,85.7759,49.4918,120,120,18,11,86.4516,10
39d7be11-0f8d-4f9c-8fb1-dfb36197c690,0.0002,32,20,0.2,adam,485e3ed5-9295-4a68-be55-1c699af6aa4b,0.0091,0.6806,99.8616,85.3448,49.8086,120,120,18,11,86.4516,11
39d7be11-0f8d-4f9c-8fb1-dfb36197c690,0.0002,32,20,0.2,adam,485e3ed5-9295-4a68-be55-1c699af6aa4b,0.0076,0.6332,99.9077,86.2069,49.6255,120,120,18,11,86.4516,12
39d7be11-0f8d-4f9c-8fb1-dfb36197c690,0.0002,32,20,0.2,adam,485e3ed5-9295-4a68-be55-1c699af6aa4b,0.0051,0.7071,99.9539,85.5603,49.6169,120,120,18,11,86.4516,13
39d7be11-0f8d-4f9c-8fb1-dfb36197c690,0.0002,32,20,0.2,adam,485e3ed5-9295-4a68-be55-1c699af6aa4b,0.0091,0.6969,99.7693,84.2672,49.5502,120,120,18,11,86.4516,14
39d7be11-0f8d-4f9c-8fb1-dfb36197c690,0.0002,32,20,0.2,adam,485e3ed5-9295-4a68-be55-1c699af6aa4b,0.0086,0.6809,99.7693,86.6379,49.5145,120,120,18,11,86.4516,15
39d7be11-0f8d-4f9c-8fb1-dfb36197c690,0.0002,32,20,0.2,adam,485e3ed5-9295-4a68-be55-1c699af6aa4b,0.0102,0.7368,99.7693,87.2845,49.5082,120,120,18,11,86.4516,16
39d7be11-0f8d-4f9c-8fb1-dfb36197c690,0.0002,32,20,0.2,adam,485e3ed5-9295-4a68-be55-1c699af6aa4b,0.0143,0.6466,99.8154,85.5603,49.5309,120,120,18,11,86.4516,17
39d7be11-0f8d-4f9c-8fb1-dfb36197c690,0.0002,32,20,0.2,adam,485e3ed5-9295-4a68-be55-1c699af6aa4b,0.0044,0.6466,99.9077,87.5,49.6552,120,120,18,11,86.4516,18
39d7be11-0f8d-4f9c-8fb1-dfb36197c690,0.0002,32,20,0.2,adam,485e3ed5-9295-4a68-be55-1c699af6aa4b,0.0077,0.6526,99.8154,86.8534,49.5959,120,120,18,11,86.4516,19
39d7be11-0f8d-4f9c-8fb1-dfb36197c690,0.0002,32,20,0.2,adam,485e3ed5-9295-4a68-be55-1c699af6aa4b,0.0029,0.6824,99.9539,87.069,49.49,120,120,18,11,86.4516,20
39d7be11-0f8d-4f9c-8fb1-dfb36197c690,0.0002,32,20,0.2,sgd,a33c4e69-b888-4ffa-94a9-8890a18cb7a6,1.3536,1.319,33.1795,50.2155,46.2718,107,107,12,42,69.0323,1
39d7be11-0f8d-4f9c-8fb1-dfb36197c690,0.0002,32,20,0.2,sgd,a33c4e69-b888-4ffa-94a9-8890a18cb7a6,1.3196,1.2958,41.4398,44.3966,46.2914,107,107,12,42,69.0323,2
39d7be11-0f8d-4f9c-8fb1-dfb36197c690,0.0002,32,20,0.2,sgd,a33c4e69-b888-4ffa-94a9-8890a18cb7a6,1.2862,1.2554,44.7623,41.1638,46.5686,107,107,12,42,69.0323,3
39d7be11-0f8d-4f9c-8fb1-dfb36197c690,0.0002,32,20,0.2,sgd,a33c4e69-b888-4ffa-94a9-8890a18cb7a6,1.2346,1.2049,48.9617,44.6121,46.1086,107,107,12,42,69.0323,4
39d7be11-0f8d-4f9c-8fb1-dfb36197c690,0.0002,32,20,0.2,sgd,a33c4e69-b888-4ffa-94a9-8890a18cb7a6,1.1748,1.1396,51.9612,53.2328,46.1294,107,107,12,42,69.0323,5
39d7be11-0f8d-4f9c-8fb1-dfb36197c690,0.0002,32,20,0.2,sgd,a33c4e69-b888-4ffa-94a9-8890a18cb7a6,1.111,1.1,53.5302,53.4483,46.131,107,107,12,42,69.0323,6
39d7be11-0f8d-4f9c-8fb1-dfb36197c690,0.0002,32,20,0.2,sgd,a33c4e69-b888-4ffa-94a9-8890a18cb7a6,1.0795,1.0527,55.653,55.1724,46.0393,107,107,12,42,69.0323,7
39d7be11-0f8d-4f9c-8fb1-dfb36197c690,0.0002,32,20,0.2,sgd,a33c4e69-b888-4ffa-94a9-8890a18cb7a6,1.0117,1.0002,57.5911,59.6983,46.218,107,107,12,42,69.0323,8
39d7be11-0f8d-4f9c-8fb1-dfb36197c690,0.0002,32,20,0.2,sgd,a33c4e69-b888-4ffa-94a9-8890a18cb7a6,0.9643,0.9623,61.7443,59.6983,46.5736,107,107,12,42,69.0323,9
39d7be11-0f8d-4f9c-8fb1-dfb36197c690,0.0002,32,20,0.2,sgd,a33c4e69-b888-4ffa-94a9-8890a18cb7a6,0.9361,0.9446,62.252,60.9914,46.0378,107,107,12,42,69.0323,10
39d7be11-0f8d-4f9c-8fb1-dfb36197c690,0.0002,32,20,0.2,sgd,a33c4e69-b888-4ffa-94a9-8890a18cb7a6,0.9098,0.9553,63.3133,59.2672,46.3592,107,107,12,42,69.0323,11
39d7be11-0f8d-4f9c-8fb1-dfb36197c690,0.0002,32,20,0.2,sgd,a33c4e69-b888-4ffa-94a9-8890a18cb7a6,0.8652,0.9425,65.2515,59.0517,46.272,107,107,12,42,69.0323,12
39d7be11-0f8d-4f9c-8fb1-dfb36197c690,0.0002,32,20,0.2,sgd,a33c4e69-b888-4ffa-94a9-8890a18cb7a6,0.827,0.8584,66.4975,64.2241,45.9696,107,107,12,42,69.0323,13
39d7be11-0f8d-4f9c-8fb1-dfb36197c690,0.0002,32,20,0.2,sgd,a33c4e69-b888-4ffa-94a9-8890a18cb7a6,0.837,0.8796,65.9437,64.8707,46.0318,107,107,12,42,69.0323,14
39d7be11-0f8d-4f9c-8fb1-dfb36197c690,0.0002,32,20,0.2,sgd,a33c4e69-b888-4ffa-94a9-8890a18cb7a6,0.7892,0.837,67.5127,67.2414,45.987,107,107,12,42,69.0323,15
39d7be11-0f8d-4f9c-8fb1-dfb36197c690,0.0002,32,20,0.2,sgd,a33c4e69-b888-4ffa-94a9-8890a18cb7a6,0.7504,0.806,69.8662,69.6121,46.0286,107,107,12,42,69.0323,16
39d7be11-0f8d-4f9c-8fb1-dfb36197c690,0.0002,32,20,0.2,sgd,a33c4e69-b888-4ffa-94a9-8890a18cb7a6,0.714,0.8203,73.2349,67.2414,46.0628,107,107,12,42,69.0323,17
39d7be11-0f8d-4f9c-8fb1-dfb36197c690,0.0002,32,20,0.2,sgd,a33c4e69-b888-4ffa-94a9-8890a18cb7a6,0.6661,0.7648,74.4347,70.0431,46.0048,107,107,12,42,69.0323,18
39d7be11-0f8d-4f9c-8fb1-dfb36197c690,0.0002,32,20,0.2,sgd,a33c4e69-b888-4ffa-94a9-8890a18cb7a6,0.6618,0.7595,75.4961,73.2759,46.1835,107,107,12,42,69.0323,19
39d7be11-0f8d-4f9c-8fb1-dfb36197c690,0.0002,32,20,0.2,sgd,a33c4e69-b888-4ffa-94a9-8890a18cb7a6,0.6233,0.7957,76.419,67.2414,46.1097,107,107,12,42,69.0323,20
